{
    "dataset": "mrpc",
    "model": "bert-base-cased",
    "lr": 2e-05,
    "num_epochs": 3,
    "seed": 242,
    "train_batch_size": 32,
    "eval_batch_size": 64,
    "num_devices": 1,
    "training_device": "cuda",
    "metrics": [
        {
            "accuracy": 0.7034313725490197,
            "f1": 0.8191330343796712
        },
        {
            "accuracy": 0.8235294117647058,
            "f1": 0.8754325259515572
        },
        {
            "accuracy": 0.8480392156862745,
            "f1": 0.8952702702702703
        }
    ],
    "speeds": {
        "total": 178.99247699599982,
        "training": {
            "mean": 0.4942519696202947,
            "times": [
                0.49253493266957343,
                0.49406022948694794,
                0.4961607467043628
            ]
        },
        "evaluation": {
            "mean": 0.009368168523862897,
            "times": [
                0.009591682428630779,
                0.009300132571492472,
                0.009212690571465438
            ]
        }
    }
}