{
    "dataset": "mrpc",
    "model": "bert-base-cased",
    "lr": 2e-05,
    "num_epochs": 3,
    "seed": 342,
    "train_batch_size": 32,
    "eval_batch_size": 64,
    "num_devices": 1,
    "training_device": "cuda",
    "metrics": [
        {
            "accuracy": 0.7328431372549019,
            "f1": 0.8256
        },
        {
            "accuracy": 0.821078431372549,
            "f1": 0.88130081300813
        },
        {
            "accuracy": 0.8480392156862745,
            "f1": 0.8934707903780068
        }
    ],
    "speeds": {
        "total": 178.94827898099993,
        "training": {
            "mean": 0.49417724807534125,
            "times": [
                0.49262382586955383,
                0.49371544568697495,
                0.49619247266949496
            ]
        },
        "evaluation": {
            "mean": 0.009306841809510453,
            "times": [
                0.009348994285703936,
                0.009240918285805881,
                0.00933061285702154
            ]
        }
    }
}