{
    "dataset": "mrpc",
    "model": "bert-base-cased",
    "lr": 2e-05,
    "num_epochs": 3,
    "seed": 142,
    "train_batch_size": 32,
    "eval_batch_size": 64,
    "num_devices": 1,
    "training_device": "cuda",
    "metrics": [
        {
            "accuracy": 0.7009803921568627,
            "f1": 0.8195266272189349
        },
        {
            "accuracy": 0.8063725490196079,
            "f1": 0.8489483747609943
        },
        {
            "accuracy": 0.8259803921568627,
            "f1": 0.8756567425569177
        }
    ],
    "speeds": {
        "total": 179.23034386499967,
        "training": {
            "mean": 0.4949098227304484,
            "times": [
                0.5058577926000394,
                0.48682983024346355,
                0.4920418453478424
            ]
        },
        "evaluation": {
            "mean": 0.009591939952380406,
            "times": [
                0.00977934899999257,
                0.009588405142884377,
                0.009408065714264271
            ]
        }
    }
}