{"dataset": "mrpc", "model": "bert-base-cased", "lr": 2e-05, "num_epochs": 3, "seed": 42, "train_batch_size": 32, "eval_batch_size": 64, "num_devices": 1, "training_device": "cuda", "metrics": [{"accuracy": 0.7009803921568627, "f1": 0.8195266272189349}, {"accuracy": 0.8063725490196079, "f1": 0.8489483747609943}, {"accuracy": 0.8259803921568627, "f1": 0.8756567425569177}], "speeds": {"total": 176.481717936, "training": {"mean": 0.4869410957043414, "times": [0.4720279486869547, 0.49809727582608443, 0.49069806259998505]}, "evaluation": {"mean": 0.010033860952397671, "times": [0.010184847285716257, 0.009968203571426264, 0.009948532000050494]}}}