{
    "dataset": "mrpc",
    "model": "bert-base-cased",
    "lr": 0.00016,
    "num_epochs": 3,
    "seed": 142,
    "train_batch_size": 8,
    "eval_batch_size": 32,
    "num_devices": 8,
    "training_device": "tpu",
    "metrics": [
        {
            "accuracy": 0.7622549019607843,
            "f1": 0.8500772797527049
        },
        {
            "accuracy": 0.8333333333333334,
            "f1": 0.8888888888888888
        },
        {
            "accuracy": 0.8627450980392157,
            "f1": 0.9063545150501673
        }
    ],
    "speeds": {
        "total": 125.75932022299821,
        "training": {
            "mean": 0.4671593967356795,
            "times": [
                0.46935062996547866,
                0.4662665654655813,
                0.46586099477597853
            ]
        },
        "evaluation": {
            "mean": 0.062424347500079115,
            "times": [
                0.0900642959995821,
                0.05960644550032157,
                0.03760230100033368
            ]
        }
    }
}