{
    "dataset": "mrpc",
    "model": "bert-base-cased",
    "lr": 0.00016,
    "num_epochs": 3,
    "seed": 242,
    "train_batch_size": 8,
    "eval_batch_size": 32,
    "num_devices": 8,
    "training_device": "tpu",
    "metrics": [
        {
            "accuracy": 0.7916666666666666,
            "f1": 0.8608837970540099
        },
        {
            "accuracy": 0.8333333333333334,
            "f1": 0.880701754385965
        },
        {
            "accuracy": 0.8431372549019608,
            "f1": 0.8915254237288135
        }
    ],
    "speeds": {
        "total": 122.07508898099877,
        "training": {
            "mean": 0.4599287384310827,
            "times": [
                0.4490798793103436,
                0.46751870462077055,
                0.46318763136213387
            ]
        },
        "evaluation": {
            "mean": 0.06334956433329353,
            "times": [
                0.05905823000011878,
                0.0749909824999122,
                0.055999480499849597
            ]
        }
    }
}