{
    "dataset": "mrpc",
    "model": "bert-base-cased",
    "lr": 0.00016,
    "num_epochs": 3,
    "seed": 42,
    "train_batch_size": 8,
    "eval_batch_size": 32,
    "num_devices": 8,
    "training_device": "tpu",
    "metrics": [
        {
            "accuracy": 0.803921568627451,
            "f1": 0.8625429553264605
        },
        {
            "accuracy": 0.8455882352941176,
            "f1": 0.891566265060241
        },
        {
            "accuracy": 0.8578431372549019,
            "f1": 0.9026845637583893
        }
    ],
    "speeds": {
        "total": 135.25806010500128,
        "training": {
            "mean": 0.4950193635115137,
            "times": [
                0.5323664572931412,
                0.4690393539310113,
                0.48365227931038857
            ]
        },
        "evaluation": {
            "mean": 0.08708035400013614,
            "times": [
                0.10800787450079952,
                0.07418690449958376,
                0.07904628300002514
            ]
        }
    }
}