{
    "dataset": "mrpc",
    "model": "bert-base-cased",
    "lr": 2e-05,
    "num_epochs": 3,
    "seed": 242,
    "train_batch_size": 32,
    "eval_batch_size": 64,
    "num_devices": 2,
    "training_device": "cuda",
    "metrics": [
        {
            "accuracy": 0.6838235294117647,
            "f1": 0.8122270742358079
        },
        {
            "accuracy": 0.7769607843137255,
            "f1": 0.8439108061749572
        },
        {
            "accuracy": 0.7965686274509803,
            "f1": 0.8590831918505942
        }
    ],
    "speeds": {
        "total": 43.08046127399939,
        "training": {
            "mean": 0.2178648674597826,
            "times": [
                0.21907537396550494,
                0.21607094987933217,
                0.21844827853451063
            ]
        },
        "evaluation": {
            "mean": 0.011393670833210004,
            "times": [
                0.01136676800024361,
                0.011279411999566946,
                0.011534832499819458
            ]
        }
    }
}