{
    "dataset": "mrpc",
    "model": "bert-base-cased",
    "lr": 2e-05,
    "num_epochs": 3,
    "seed": 142,
    "train_batch_size": 32,
    "eval_batch_size": 64,
    "num_devices": 2,
    "training_device": "cuda",
    "metrics": [
        {
            "accuracy": 0.6936274509803921,
            "f1": 0.810318664643399
        },
        {
            "accuracy": 0.7818627450980392,
            "f1": 0.8538587848932676
        },
        {
            "accuracy": 0.8088235294117647,
            "f1": 0.8673469387755103
        }
    ],
    "speeds": {
        "total": 43.45370718800041,
        "training": {
            "mean": 0.22027323051714057,
            "times": [
                0.22125588049982917,
                0.21879573636205946,
                0.22076807468953308
            ]
        },
        "evaluation": {
            "mean": 0.011684539499886645,
            "times": [
                0.011242987000059657,
                0.011452404000010574,
                0.012358227499589702
            ]
        }
    }
}