{
    "dataset": "mrpc",
    "model": "bert-base-cased",
    "lr": 2e-05,
    "num_epochs": 3,
    "seed": 342,
    "train_batch_size": 32,
    "eval_batch_size": 64,
    "num_devices": 2,
    "training_device": "cuda",
    "metrics": [
        {
            "accuracy": 0.6985294117647058,
            "f1": 0.8161434977578476
        },
        {
            "accuracy": 0.7745098039215687,
            "f1": 0.8557993730407523
        },
        {
            "accuracy": 0.8308823529411765,
            "f1": 0.8844221105527639
        }
    ],
    "speeds": {
        "total": 43.32703656999911,
        "training": {
            "mean": 0.21943835401725664,
            "times": [
                0.2181750105001215,
                0.22147091810344638,
                0.21866913344820205
            ]
        },
        "evaluation": {
            "mean": 0.011977159833350015,
            "times": [
                0.011708641249697394,
                0.011971860500125331,
                0.012250977750227321
            ]
        }
    }
}