{
    "dataset": "mrpc",
    "model": "bert-base-cased",
    "lr": 0.00016,
    "num_epochs": 3,
    "seed": 142,
    "train_batch_size": 8,
    "eval_batch_size": 32,
    "num_devices": 8,
    "training_device": "tpu",
    "metrics": [
        {
            "accuracy": 0.7205882352941176,
            "f1": 0.8256880733944955
        },
        {
            "accuracy": 0.8235294117647058,
            "f1": 0.8831168831168831
        },
        {
            "accuracy": 0.8357843137254902,
            "f1": 0.8850771869639793
        }
    ],
    "speeds": {
        "total": 131.22822740099946,
        "training": {
            "mean": 0.4730578045805016,
            "times": [
                0.45980769325863013,
                0.47828948206912675,
                0.481076238413748
            ]
        },
        "evaluation": {
            "mean": 0.07295934766686211,
            "times": [
                0.09662791800019477,
                0.046208717500121566,
                0.07604140750027
            ]
        }
    }
}