{
    "dataset": "mrpc",
    "model": "bert-base-cased",
    "lr": 0.00016,
    "num_epochs": 3,
    "seed": 242,
    "train_batch_size": 8,
    "eval_batch_size": 32,
    "num_devices": 8,
    "training_device": "tpu",
    "metrics": [
        {
            "accuracy": 0.75,
            "f1": 0.8425925925925926
        },
        {
            "accuracy": 0.8431372549019608,
            "f1": 0.8933333333333334
        },
        {
            "accuracy": 0.8382352941176471,
            "f1": 0.8873720136518771
        }
    ],
    "speeds": {
        "total": 160.27624603599907,
        "training": {
            "mean": 0.48601870789082763,
            "times": [
                0.4827295903447395,
                0.4682022714139058,
                0.5071242619138376
            ]
        },
        "evaluation": {
            "mean": 0.08279919083300531,
            "times": [
                0.10711478699977306,
                0.07460670149976067,
                0.06667608399948222
            ]
        }
    }
}