{
    "dataset": "mrpc",
    "model": "bert-base-cased",
    "lr": 0.00016,
    "num_epochs": 3,
    "seed": 42,
    "train_batch_size": 8,
    "eval_batch_size": 32,
    "num_devices": 8,
    "training_device": "tpu",
    "metrics": [
        {
            "accuracy": 0.6838235294117647,
            "f1": 0.8122270742358079
        },
        {
            "accuracy": 0.6838235294117647,
            "f1": 0.8122270742358079
        },
        {
            "accuracy": 0.6838235294117647,
            "f1": 0.8122270742358079
        }
    ],
    "speeds": {
        "total": 137.07011686700025,
        "training": {
            "mean": 0.4756520638564053,
            "times": [
                0.46829351258625607,
                0.4819179512241731,
                0.4767447277587868
            ]
        },
        "evaluation": {
            "mean": 0.07140568483312866,
            "times": [
                0.09827217799920618,
                0.05285029000060604,
                0.06309458649957378
            ]
        }
    }
}