{
    "dataset": "mrpc",
    "model": "bert-base-cased",
    "lr": 2e-05,
    "num_epochs": 3,
    "seed": 42,
    "train_batch_size": 4,
    "eval_batch_size": 64,
    "num_devices": 8,
    "training_device": "tpu",
    "metrics": [
        {
            "accuracy": 0.7941176470588235,
            "f1": 0.8595317725752508
        },
        {
            "accuracy": 0.8431372549019608,
            "f1": 0.8957654723127035
        },
        {
            "accuracy": 0.875,
            "f1": 0.9137055837563453
        }
    ],
    "speeds": {
        "total": 259.3628738550001,
        "training": {
            "mean": 0.0752650185525251,
            "times": [
                0.075266335314066,
                0.07540140532715309,
                0.07512731501635622
            ]
        },
        "evaluation": {
            "mean": 0.014176157238147252,
            "times": [
                0.014349885428535865,
                0.014078036285874467,
                0.014100550000031424
            ]
        }
    }
}