{
    "dataset": "mrpc",
    "model": "bert-base-cased",
    "lr": 2e-05,
    "num_epochs": 3,
    "seed": 42,
    "train_batch_size": 4,
    "eval_batch_size": 64,
    "num_devices": 8,
    "training_device": "tpu",
    "metrics": [
        {
            "accuracy": 0.7941176470588235,
            "f1": 0.8595317725752508
        },
        {
            "accuracy": 0.8431372549019608,
            "f1": 0.8957654723127035
        },
        {
            "accuracy": 0.875,
            "f1": 0.9137055837563453
        }
    ],
    "speeds": {
        "total": 262.7957229799995,
        "training": {
            "mean": 0.07615688569065306,
            "times": [
                0.07630431160851599,
                0.0755584157557176,
                0.07660792970772558
            ]
        },
        "evaluation": {
            "mean": 0.013859833476176607,
            "times": [
                0.014693276428520871,
                0.011497774714501117,
                0.015388449285507835
            ]
        }
    }
}