{
    "dataset": "mrpc",
    "model": "bert-base-cased",
    "lr": 2e-05,
    "num_epochs": 3,
    "seed": 42,
    "train_batch_size": 4,
    "eval_batch_size": 64,
    "num_devices": 8,
    "training_device": "tpu",
    "metrics": [
        {
            "accuracy": 0.7941176470588235,
            "f1": 0.8595317725752508
        },
        {
            "accuracy": 0.8431372549019608,
            "f1": 0.8957654723127035
        },
        {
            "accuracy": 0.875,
            "f1": 0.9137055837563453
        }
    ],
    "speeds": {
        "total": 260.8257929249994,
        "training": {
            "mean": 0.07566025130718093,
            "times": [
                0.07727349625629368,
                0.074805260034908,
                0.07490199763034112
            ]
        },
        "evaluation": {
            "mean": 0.013147328380953349,
            "times": [
                0.013546042857212472,
                0.014857084571433785,
                0.011038857714213788
            ]
        }
    }
}