{
    "dataset": "mrpc",
    "model": "bert-base-cased",
    "lr": 2e-05,
    "num_epochs": 3,
    "seed": 242,
    "train_batch_size": 32,
    "eval_batch_size": 64,
    "num_devices": 1,
    "training_device": "cuda",
    "metrics": [
        {
            "accuracy": 0.7034313725490197,
            "f1": 0.8191330343796712
        },
        {
            "accuracy": 0.8235294117647058,
            "f1": 0.8754325259515572
        },
        {
            "accuracy": 0.8480392156862745,
            "f1": 0.8952702702702703
        }
    ],
    "speeds": {
        "total": 180.3414326459997,
        "training": {
            "mean": 0.4812312256637544,
            "times": [
                0.47982234874783425,
                0.48202757915650696,
                0.48184374908692207
            ]
        },
        "evaluation": {
            "mean": 0.008280651857213732,
            "times": [
                0.008410590857108349,
                0.008244674714530578,
                0.008186690000002272
            ]
        }
    }
}