{
    "dataset": "mrpc",
    "model": "bert-base-cased",
    "lr": 2e-05,
    "num_epochs": 3,
    "seed": 142,
    "train_batch_size": 32,
    "eval_batch_size": 64,
    "num_devices": 1,
    "training_device": "cuda",
    "metrics": [
        {
            "accuracy": 0.7009803921568627,
            "f1": 0.8195266272189349
        },
        {
            "accuracy": 0.8063725490196079,
            "f1": 0.8489483747609943
        },
        {
            "accuracy": 0.8259803921568627,
            "f1": 0.8756567425569177
        }
    ],
    "speeds": {
        "total": 180.23709830700045,
        "training": {
            "mean": 0.48073511216809517,
            "times": [
                0.4892015642347637,
                0.4727279900782457,
                0.4802757821912762
            ]
        },
        "evaluation": {
            "mean": 0.008534823476024724,
            "times": [
                0.00890874785714654,
                0.008475074856895455,
                0.008220647714032176
            ]
        }
    }
}