{
    "dataset": "mrpc",
    "model": "bert-base-cased",
    "lr": 2e-05,
    "num_epochs": 3,
    "seed": 342,
    "train_batch_size": 32,
    "eval_batch_size": 64,
    "num_devices": 1,
    "training_device": "cuda",
    "metrics": [
        {
            "accuracy": 0.7328431372549019,
            "f1": 0.8256
        },
        {
            "accuracy": 0.821078431372549,
            "f1": 0.88130081300813
        },
        {
            "accuracy": 0.8480392156862745,
            "f1": 0.8934707903780068
        }
    ],
    "speeds": {
        "total": 180.0820639859994,
        "training": {
            "mean": 0.4806104195304373,
            "times": [
                0.4794675000000532,
                0.4807948665303822,
                0.4815688920608765
            ]
        },
        "evaluation": {
            "mean": 0.00829211619068138,
            "times": [
                0.008214056999999489,
                0.008323615714938828,
                0.008338675857105824
            ]
        }
    }
}