{
    "dataset": "mrpc",
    "model": "bert-base-cased",
    "lr": 2e-05,
    "num_epochs": 3,
    "seed": 42,
    "train_batch_size": 4,
    "eval_batch_size": 64,
    "num_devices": 8,
    "training_device": "tpu",
    "metrics": [
        {
            "accuracy": 0.7941176470588235,
            "f1": 0.8595317725752508
        },
        {
            "accuracy": 0.8431372549019608,
            "f1": 0.8957654723127035
        },
        {
            "accuracy": 0.875,
            "f1": 0.9137055837563453
        }
    ],
    "speeds": {
        "total": 277.0677696559999,
        "training": {
            "mean": 0.07995589232679132,
            "times": [
                0.08295768041439988,
                0.07811587092475694,
                0.07879412564121711
            ]
        },
        "evaluation": {
            "mean": 0.014149054285705157,
            "times": [
                0.013166692857079656,
                0.015877309571416327,
                0.01340316042861949
            ]
        }
    }
}