{
    "dataset": "mrpc",
    "model": "bert-base-cased",
    "lr": 2e-05,
    "num_epochs": 3,
    "seed": 42,
    "train_batch_size": 4,
    "eval_batch_size": 64,
    "num_devices": 8,
    "training_device": "tpu",
    "metrics": [
        {
            "accuracy": 0.7254901960784313,
            "f1": 0.826625386996904
        },
        {
            "accuracy": 0.7598039215686274,
            "f1": 0.8409090909090909
        },
        {
            "accuracy": 0.7671568627450981,
            "f1": 0.8424543946932007
        }
    ],
    "speeds": {
        "total": 248.03567946199973,
        "training": {
            "mean": 0.07064168903308296,
            "times": [
                0.07524455380371017,
                0.06903972289858924,
                0.06764079039694945
            ]
        },
        "evaluation": {
            "mean": 0.013527128619010736,
            "times": [
                0.015779986571357898,
                0.011904102857118102,
                0.012897296428556209
            ]
        }
    }
}