{
    "dataset": "mrpc",
    "model": "bert-base-cased",
    "lr": 2e-05,
    "num_epochs": 3,
    "seed": 42,
    "train_batch_size": 4,
    "eval_batch_size": 64,
    "num_devices": 8,
    "training_device": "tpu",
    "metrics": [
        {
            "accuracy": 0.7254901960784313,
            "f1": 0.826625386996904
        },
        {
            "accuracy": 0.7598039215686274,
            "f1": 0.8409090909090909
        },
        {
            "accuracy": 0.7671568627450981,
            "f1": 0.8424543946932007
        }
    ],
    "speeds": {
        "total": 250.0436631829998,
        "training": {
            "mean": 0.07111065083387569,
            "times": [
                0.07038934280369732,
                0.0699735801155964,
                0.07296902958233334
            ]
        },
        "evaluation": {
            "mean": 0.013379736380968444,
            "times": [
                0.01444673085721401,
                0.011915337714331795,
                0.013777140571359528
            ]
        }
    }
}