{
    "dataset": "mrpc",
    "model": "bert-base-cased",
    "lr": 2e-05,
    "num_epochs": 3,
    "seed": 42,
    "train_batch_size": 4,
    "eval_batch_size": 64,
    "num_devices": 8,
    "training_device": "tpu",
    "metrics": [
        {
            "accuracy": 0.7254901960784313,
            "f1": 0.826625386996904
        },
        {
            "accuracy": 0.7598039215686274,
            "f1": 0.8409090909090909
        },
        {
            "accuracy": 0.7671568627450981,
            "f1": 0.8424543946932007
        }
    ],
    "speeds": {
        "total": 248.09215819099973,
        "training": {
            "mean": 0.0707051116623033,
            "times": [
                0.07097875378299086,
                0.07028735436749092,
                0.07084922683642812
            ]
        },
        "evaluation": {
            "mean": 0.015788645571449576,
            "times": [
                0.0152431358571578,
                0.015435834714285843,
                0.016686966142905085
            ]
        }
    }
}