{"dataset": "mrpc", "model": "bert-base-cased", "lr": 4e-05, "num_epochs": 3, "seed": 42, "train_batch_size": 32, "eval_batch_size": 64, "num_devices": 2, "training_device": "cuda", "metrics": [{"accuracy": 0.7892156862745098, "f1": 0.8501742160278745}, {"accuracy": 0.803921568627451, "f1": 0.8561151079136691}, {"accuracy": 0.803921568627451, "f1": 0.8561151079136691}], "speeds": {"training": {"mean": 0.5193931119333434, "times": [0.5222493421652199, 0.517425087008688, 0.5185049066261221]}, "evaluation": {"mean": 0.011345194428421175, "times": [0.01246106885680222, 0.011564353285523663, 0.01001016114293764]}}}