{"dataset": "mrpc", "model": "bert-base-cased", "lr": 4e-05, "num_epochs": 3, "seed": 42, "train_batch_size": 32, "eval_batch_size": 64, "num_devices": 2, "training_device": "cuda", "metrics": [{"accuracy": 0.7892156862745098, "f1": 0.8501742160278745}, {"accuracy": 0.803921568627451, "f1": 0.8561151079136691}, {"accuracy": 0.803921568627451, "f1": 0.8561151079136691}], "speeds": {"training": {"mean": 0.5198958093391675, "times": [0.5270530028261261, 0.5148859217565863, 0.5177485034347901]}, "evaluation": {"mean": 0.010550092047803142, "times": [0.010679605714748115, 0.010487818571553882, 0.010482851857107432]}}}