{"dataset": "mrpc", "model": "bert-base-cased", "lr": 4e-05, "num_epochs": 3, "seed": 42, "train_batch_size": 32, "eval_batch_size": 64, "num_devices": 2, "training_device": "cuda", "metrics": [{"accuracy": 0.7892156862745098, "f1": 0.8501742160278745}, {"accuracy": 0.803921568627451, "f1": 0.8561151079136691}, {"accuracy": 0.803921568627451, "f1": 0.8561151079136691}], "speeds": {"training": {"mean": 0.5197232424173241, "times": [0.523407921991194, 0.5168589599912198, 0.5189028452695588]}, "evaluation": {"mean": 0.010028251857355437, "times": [0.010156480000400083, 0.009957991143112719, 0.009970284428553506]}}}