{
    "dataset": "mrpc",
    "model": "bert-base-cased",
    "lr": 2e-05,
    "num_epochs": 3,
    "seed": 42,
    "train_batch_size": 32,
    "eval_batch_size": 64,
    "num_devices": 8,
    "training_device": "tpu",
    "metrics": [
        {
            "accuracy": 0.7058823529411765,
            "f1": 0.8214285714285715
        },
        {
            "accuracy": 0.8357843137254902,
            "f1": 0.888888888888889
        },
        {
            "accuracy": 0.8504901960784313,
            "f1": 0.8946459412780656
        }
    ],
    "speeds": {
        "total": 83.38880449199996,
        "training": {
            "mean": 0.20908243982608588,
            "times": [
                0.21117728621738935,
                0.20852222098260031,
                0.20754781227826796
            ]
        },
        "evaluation": {
            "mean": 0.012299409761930119,
            "times": [
                0.014209764857176716,
                0.010322265571468441,
                0.012366198857145199
            ]
        }
    }
}