{
    "dataset": "mrpc",
    "model": "bert-base-cased",
    "lr": 2e-05,
    "num_epochs": 3,
    "seed": 242,
    "train_batch_size": 32,
    "eval_batch_size": 64,
    "num_devices": 8,
    "training_device": "tpu",
    "metrics": [
        {
            "accuracy": 0.7034313725490197,
            "f1": 0.8158295281582952
        },
        {
            "accuracy": 0.8137254901960784,
            "f1": 0.8789808917197452
        },
        {
            "accuracy": 0.8553921568627451,
            "f1": 0.9015025041736227
        }
    ],
    "speeds": {
        "total": 83.01402763400006,
        "training": {
            "mean": 0.2089489441449211,
            "times": [
                0.2093085721826118,
                0.20950467243477286,
                0.2080335878173786
            ]
        },
        "evaluation": {
            "mean": 0.014140526428567076,
            "times": [
                0.014228198857153984,
                0.014396865285691871,
                0.013796515142855372
            ]
        }
    }
}