{
    "dataset": "mrpc",
    "model": "bert-base-cased",
    "lr": 2e-05,
    "num_epochs": 3,
    "seed": 142,
    "train_batch_size": 32,
    "eval_batch_size": 64,
    "num_devices": 8,
    "training_device": "tpu",
    "metrics": [
        {
            "accuracy": 0.6911764705882353,
            "f1": 0.8157894736842105
        },
        {
            "accuracy": 0.7965686274509803,
            "f1": 0.852575488454707
        },
        {
            "accuracy": 0.8504901960784313,
            "f1": 0.8981636060100167
        }
    ],
    "speeds": {
        "total": 86.01067740600001,
        "training": {
            "mean": 0.21526031913623966,
            "times": [
                0.21885938359131338,
                0.21075383554784427,
                0.21616773826956137
            ]
        },
        "evaluation": {
            "mean": 0.01287636304759655,
            "times": [
                0.013493047714291606,
                0.012614511142828633,
                0.012521530285669411
            ]
        }
    }
}