{
    "dataset": "mrpc",
    "model": "bert-base-cased",
    "lr": 0.00016,
    "num_epochs": 3,
    "seed": 142,
    "train_batch_size": 8,
    "eval_batch_size": 32,
    "num_devices": 8,
    "training_device": "tpu",
    "metrics": [
        {
            "accuracy": 0.7205882352941176,
            "f1": 0.8256880733944955
        },
        {
            "accuracy": 0.8235294117647058,
            "f1": 0.8831168831168831
        },
        {
            "accuracy": 0.8357843137254902,
            "f1": 0.8850771869639793
        }
    ],
    "speeds": {
        "total": 131.87881578199995,
        "training": {
            "mean": 0.47458992303456043,
            "times": [
                0.4632001101553497,
                0.4832215919481753,
                0.4773480670001563
            ]
        },
        "evaluation": {
            "mean": 0.07115939716701784,
            "times": [
                0.10367125550055789,
                0.0726889180004946,
                0.03711801800000103
            ]
        }
    }
}