{
    "dataset": "mrpc",
    "model": "bert-base-cased",
    "lr": 0.00016,
    "num_epochs": 3,
    "seed": 242,
    "train_batch_size": 8,
    "eval_batch_size": 32,
    "num_devices": 8,
    "training_device": "tpu",
    "metrics": [
        {
            "accuracy": 0.75,
            "f1": 0.8425925925925926
        },
        {
            "accuracy": 0.8431372549019608,
            "f1": 0.8933333333333334
        },
        {
            "accuracy": 0.8382352941176471,
            "f1": 0.8873720136518771
        }
    ],
    "speeds": {
        "total": 134.52607358299974,
        "training": {
            "mean": 0.48141239296549837,
            "times": [
                0.4771172298446643,
                0.4833676353793698,
                0.4837523136724611
            ]
        },
        "evaluation": {
            "mean": 0.0622364373336192,
            "times": [
                0.06130724400009058,
                0.08307550300014555,
                0.042326565000621486
            ]
        }
    }
}