{
    "dataset": "mrpc",
    "model": "bert-base-cased",
    "lr": 0.00016,
    "num_epochs": 3,
    "seed": 42,
    "train_batch_size": 8,
    "eval_batch_size": 32,
    "num_devices": 8,
    "training_device": "tpu",
    "metrics": [
        {
            "accuracy": 0.6838235294117647,
            "f1": 0.8122270742358079
        },
        {
            "accuracy": 0.6838235294117647,
            "f1": 0.8122270742358079
        },
        {
            "accuracy": 0.6838235294117647,
            "f1": 0.8122270742358079
        }
    ],
    "speeds": {
        "total": 139.4371406169994,
        "training": {
            "mean": 0.4763024771608976,
            "times": [
                0.47231375972406286,
                0.47730821103464377,
                0.47928546072398603
            ]
        },
        "evaluation": {
            "mean": 0.07517390116663591,
            "times": [
                0.08296726399930776,
                0.06398067600002832,
                0.07857376350057166
            ]
        }
    }
}