{
    "dataset": "mrpc",
    "model": "bert-base-cased",
    "lr": 4e-05,
    "num_epochs": 3,
    "seed": 242,
    "train_batch_size": 32,
    "eval_batch_size": 64,
    "num_devices": 2,
    "training_device": "cuda",
    "metrics": [
        {
            "accuracy": 0.6985294117647058,
            "f1": 0.8166915052160953
        },
        {
            "accuracy": 0.7794117647058824,
            "f1": 0.8398576512455516
        },
        {
            "accuracy": 0.8357843137254902,
            "f1": 0.8838821490467937
        }
    ],
    "speeds": {
        "total": 104.9519380290003,
        "training": {
            "mean": 0.544923157322004,
            "times": [
                0.5488767914138062,
                0.5395057092067999,
                0.5463869713454061
            ]
        },
        "evaluation": {
            "mean": 0.00939261249914125,
            "times": [
                0.009219858249707613,
                0.009579828749338049,
                0.00937815049837809
            ]
        }
    }
}