{
    "dataset": "mrpc",
    "model": "bert-base-cased",
    "lr": 4e-05,
    "num_epochs": 3,
    "seed": 342,
    "train_batch_size": 32,
    "eval_batch_size": 64,
    "num_devices": 2,
    "training_device": "cuda",
    "metrics": [
        {
            "accuracy": 0.7058823529411765,
            "f1": 0.8219584569732937
        },
        {
            "accuracy": 0.8382352941176471,
            "f1": 0.8892617449664431
        },
        {
            "accuracy": 0.8529411764705882,
            "f1": 0.8969072164948454
        }
    ],
    "speeds": {
        "total": 104.67375699099648,
        "training": {
            "mean": 0.5438244918624495,
            "times": [
                0.5416203318624145,
                0.5457550181726502,
                0.5440981255522839
            ]
        },
        "evaluation": {
            "mean": 0.009311130250353017,
            "times": [
                0.009445459250855492,
                0.009252279249267303,
                0.009235652250936255
            ]
        }
    }
}