{
    "dataset": "mrpc",
    "model": "bert-base-cased",
    "lr": 4e-05,
    "num_epochs": 3,
    "seed": 142,
    "train_batch_size": 32,
    "eval_batch_size": 64,
    "num_devices": 2,
    "training_device": "cuda",
    "metrics": [
        {
            "accuracy": 0.7058823529411765,
            "f1": 0.8181818181818181
        },
        {
            "accuracy": 0.8137254901960784,
            "f1": 0.8785942492012779
        },
        {
            "accuracy": 0.8504901960784313,
            "f1": 0.8942807625649914
        }
    ],
    "speeds": {
        "total": 105.25318076999974,
        "training": {
            "mean": 0.5461121797700474,
            "times": [
                0.5556077141036753,
                0.5447498509135491,
                0.5379789742929179
            ]
        },
        "evaluation": {
            "mean": 0.00916314308415167,
            "times": [
                0.009210977001202991,
                0.009186283252347494,
                0.009092168998904526
            ]
        }
    }
}