{
    "dataset": "mrpc",
    "model": "bert-base-cased",
    "lr": 2e-05,
    "num_epochs": 3,
    "seed": 342,
    "train_batch_size": 32,
    "eval_batch_size": 64,
    "num_devices": 2,
    "training_device": "cuda",
    "metrics": [
        {
            "accuracy": 0.7426470588235294,
            "f1": 0.8330683624801272
        },
        {
            "accuracy": 0.7916666666666666,
            "f1": 0.8631239935587761
        },
        {
            "accuracy": 0.7916666666666666,
            "f1": 0.8631239935587761
        }
    ],
    "speeds": {
        "total": 196.38435861800008,
        "training": {
            "mean": 0.5381034925420244,
            "times": [
                0.537699995608684,
                0.5388049341912768,
                0.5378055478261123
            ]
        },
        "evaluation": {
            "mean": 0.009882168523810313,
            "times": [
                0.009876505571420629,
                0.009731891285680052,
                0.01003810871433026
            ]
        }
    }
}