{
    "dataset": "mrpc",
    "model": "bert-base-cased",
    "lr": 2e-05,
    "num_epochs": 3,
    "seed": 242,
    "train_batch_size": 32,
    "eval_batch_size": 64,
    "num_devices": 2,
    "training_device": "cuda",
    "metrics": [
        {
            "accuracy": 0.7254901960784313,
            "f1": 0.8238993710691824
        },
        {
            "accuracy": 0.7622549019607843,
            "f1": 0.8422764227642278
        },
        {
            "accuracy": 0.7622549019607843,
            "f1": 0.8422764227642278
        }
    ],
    "speeds": {
        "total": 196.60160489899954,
        "training": {
            "mean": 0.5386504488782546,
            "times": [
                0.5367836882695527,
                0.5408695638869729,
                0.5382980944782384
            ]
        },
        "evaluation": {
            "mean": 0.010924489238147674,
            "times": [
                0.010007677714384045,
                0.0099895332858588,
                0.012776256714200176
            ]
        }
    }
}