{
    "dataset": "mrpc",
    "model": "bert-base-cased",
    "lr": 2e-05,
    "num_epochs": 3,
    "seed": 142,
    "train_batch_size": 32,
    "eval_batch_size": 64,
    "num_devices": 2,
    "training_device": "cuda",
    "metrics": [
        {
            "accuracy": 0.7107843137254902,
            "f1": 0.8201219512195123
        },
        {
            "accuracy": 0.7696078431372549,
            "f1": 0.8417508417508416
        },
        {
            "accuracy": 0.7696078431372549,
            "f1": 0.8417508417508416
        }
    ],
    "speeds": {
        "total": 196.36188980599945,
        "training": {
            "mean": 0.5376254907710208,
            "times": [
                0.5420770585305233,
                0.5337351886434708,
                0.5370642251390683
            ]
        },
        "evaluation": {
            "mean": 0.010164621714336266,
            "times": [
                0.010108168999977352,
                0.010186064857277546,
                0.010199631285753899
            ]
        }
    }
}