{"dataset": "mrpc", "model": "bert-base-cased", "lr": 2e-05, "num_epochs": 3, "seed": 42, "train_batch_size": 32, "eval_batch_size": 64, "num_devices": 2, "training_device": "cuda", "metrics": [{"accuracy": 0.7107843137254902, "f1": 0.8201219512195123}, {"accuracy": 0.7696078431372549, "f1": 0.8417508417508416}, {"accuracy": 0.7696078431372549, "f1": 0.8417508417508416}], "speeds": {"training": {"mean": 0.5194738605333454, "times": [0.523049410173901, 0.5166890018348093, 0.518683169591326]}, "evaluation": {"mean": 0.010526225047604905, "times": [0.010478257428595887, 0.010745246714187877, 0.010355171000030947]}}}