{"dataset": "mrpc", "model": "bert-base-cased", "lr": 2e-05, "num_epochs": 3, "seed": 42, "train_batch_size": 32, "eval_batch_size": 64, "num_devices": 2, "training_device": "cuda", "metrics": [{"accuracy": 0.7107843137254902, "f1": 0.8201219512195123}, {"accuracy": 0.7696078431372549, "f1": 0.8417508417508416}, {"accuracy": 0.7696078431372549, "f1": 0.8417508417508416}], "speeds": {"training": {"mean": 0.5207893035768063, "times": [0.5288803780956542, 0.516270811295655, 0.5172167213391098]}, "evaluation": {"mean": 0.010427361761815388, "times": [0.01060197957122, 0.010098426999970147, 0.010581678714256018]}}}