{"dataset": "mrpc", "model": "bert-base-cased", "lr": 2e-05, "num_epochs": 3, "seed": 42, "train_batch_size": 32, "eval_batch_size": 64, "num_devices": 2, "training_device": "cuda", "metrics": [{"accuracy": 0.7107843137254902, "f1": 0.8201219512195123}, {"accuracy": 0.7696078431372549, "f1": 0.8417508417508416}, {"accuracy": 0.7696078431372549, "f1": 0.8417508417508416}], "speeds": {"training": {"mean": 0.5193427665884172, "times": [0.5223002462869456, 0.5168584748173959, 0.5188695786609099]}, "evaluation": {"mean": 0.01036861300010406, "times": [0.010493158857181177, 0.010133518428769353, 0.010479161714361649]}}}