{
    "dataset": "mrpc",
    "model": "bert-base-cased",
    "lr": 2e-05,
    "num_epochs": 3,
    "seed": 342,
    "train_batch_size": 16,
    "eval_batch_size": 32,
    "num_devices": 2,
    "training_device": "cuda",
    "metrics": [
        {
            "accuracy": 0.7426470588235294,
            "f1": 0.8401826484018263
        },
        {
            "accuracy": 0.8382352941176471,
            "f1": 0.8877551020408163
        },
        {
            "accuracy": 0.8382352941176471,
            "f1": 0.8865979381443299
        }
    ],
    "speeds": {
        "total": 109.53991901699919,
        "training": {
            "mean": 0.2796462770435133,
            "times": [
                0.2797441136522336,
                0.27925463388696103,
                0.2799400835913453
            ]
        },
        "evaluation": {
            "mean": 0.00891426371431624,
            "times": [
                0.008770332571397635,
                0.00904184500021594,
                0.008930613571335146
            ]
        }
    }
}