{
    "dataset": "mrpc",
    "model": "bert-base-cased",
    "lr": 2e-05,
    "num_epochs": 3,
    "seed": 242,
    "train_batch_size": 16,
    "eval_batch_size": 32,
    "num_devices": 2,
    "training_device": "cuda",
    "metrics": [
        {
            "accuracy": 0.7303921568627451,
            "f1": 0.8007246376811595
        },
        {
            "accuracy": 0.803921568627451,
            "f1": 0.8615916955017301
        },
        {
            "accuracy": 0.8259803921568627,
            "f1": 0.880672268907563
        }
    ],
    "speeds": {
        "total": 109.33635268000035,
        "training": {
            "mean": 0.2792689900724445,
            "times": [
                0.2812764674521294,
                0.27826997066951425,
                0.27826053209568985
            ]
        },
        "evaluation": {
            "mean": 0.009107086476086849,
            "times": [
                0.009140537571511231,
                0.008898039714040351,
                0.009282682142708967
            ]
        }
    }
}