{
    "dataset": "mrpc",
    "model": "bert-base-cased",
    "lr": 2e-05,
    "num_epochs": 3,
    "seed": 142,
    "train_batch_size": 16,
    "eval_batch_size": 32,
    "num_devices": 2,
    "training_device": "cuda",
    "metrics": [
        {
            "accuracy": 0.7524509803921569,
            "f1": 0.8434108527131784
        },
        {
            "accuracy": 0.8455882352941176,
            "f1": 0.8911917098445595
        },
        {
            "accuracy": 0.8357843137254902,
            "f1": 0.882661996497373
        }
    ],
    "speeds": {
        "total": 110.29744904600011,
        "training": {
            "mean": 0.28171267519997406,
            "times": [
                0.28903739833041747,
                0.2776228762869521,
                0.2784777509825527
            ]
        },
        "evaluation": {
            "mean": 0.00871219185691665,
            "times": [
                0.008727361856862055,
                0.008584685857255994,
                0.008824527856631903
            ]
        }
    }
}