{
    "dataset": "mrpc",
    "model": "bert-base-cased",
    "lr": 2e-05,
    "num_epochs": 3,
    "seed": 142,
    "train_batch_size": 32,
    "eval_batch_size": 64,
    "num_devices": 2,
    "training_device": "cuda",
    "metrics": [
        {
            "accuracy": 0.7132352941176471,
            "f1": 0.8240601503759398
        },
        {
            "accuracy": 0.7720588235294118,
            "f1": 0.841025641025641
        },
        {
            "accuracy": 0.7720588235294118,
            "f1": 0.841025641025641
        }
    ],
    "speeds": {
        "total": 77.52688598700024,
        "training": {
            "mean": 0.20518651946088315,
            "times": [
                0.2071210297999958,
                0.20601570014784912,
                0.20242282843480452
            ]
        },
        "evaluation": {
            "mean": 0.01582011542853122,
            "times": [
                0.021721562428605727,
                0.012683570571425662,
                0.013055213285562266
            ]
        }
    }
}