{
    "dataset": "mrpc",
    "model": "bert-base-cased",
    "lr": 4e-05,
    "num_epochs": 3,
    "seed": 242,
    "train_batch_size": 32,
    "eval_batch_size": 64,
    "num_devices": 2,
    "training_device": "cuda",
    "metrics": [
        {
            "accuracy": 0.6985294117647058,
            "f1": 0.8166915052160953
        },
        {
            "accuracy": 0.7818627450980392,
            "f1": 0.8424778761061947
        },
        {
            "accuracy": 0.8406862745098039,
            "f1": 0.8873483535528597
        }
    ],
    "speeds": {
        "total": 43.434383480998804,
        "training": {
            "mean": 0.21952849534508637,
            "times": [
                0.21787604560311843,
                0.22107514015605656,
                0.2196343002760841
            ]
        },
        "evaluation": {
            "mean": 0.012866928833924854,
            "times": [
                0.01178701299977547,
                0.01496617500015418,
                0.011847598501844914
            ]
        }
    }
}