{
    "dataset": "mrpc",
    "model": "bert-base-cased",
    "lr": 4e-05,
    "num_epochs": 3,
    "seed": 342,
    "train_batch_size": 32,
    "eval_batch_size": 64,
    "num_devices": 2,
    "training_device": "cuda",
    "metrics": [
        {
            "accuracy": 0.7058823529411765,
            "f1": 0.8219584569732937
        },
        {
            "accuracy": 0.8382352941176471,
            "f1": 0.8892617449664431
        },
        {
            "accuracy": 0.8529411764705882,
            "f1": 0.896551724137931
        }
    ],
    "speeds": {
        "total": 43.235691941998084,
        "training": {
            "mean": 0.21857844693679898,
            "times": [
                0.21744385648281453,
                0.21752515227615668,
                0.2207663320514257
            ]
        },
        "evaluation": {
            "mean": 0.013612118582993086,
            "times": [
                0.012289943748328369,
                0.01239756825088989,
                0.016148843749761
            ]
        }
    }
}