{
    "dataset": "mrpc",
    "model": "bert-base-cased",
    "lr": 4e-05,
    "num_epochs": 3,
    "seed": 142,
    "train_batch_size": 32,
    "eval_batch_size": 64,
    "num_devices": 2,
    "training_device": "cuda",
    "metrics": [
        {
            "accuracy": 0.7058823529411765,
            "f1": 0.8181818181818181
        },
        {
            "accuracy": 0.8333333333333334,
            "f1": 0.8874172185430463
        },
        {
            "accuracy": 0.8553921568627451,
            "f1": 0.897391304347826
        }
    ],
    "speeds": {
        "total": 42.71072656799515,
        "training": {
            "mean": 0.2155485065114412,
            "times": [
                0.2181641229829532,
                0.21235984746541864,
                0.21612154908595177
            ]
        },
        "evaluation": {
            "mean": 0.013457640417376146,
            "times": [
                0.016073872249762644,
                0.012484764502005419,
                0.011814284500360372
            ]
        }
    }
}