{"dataset": "mrpc", "model": "bert-base-cased", "lr": 2e-05, "num_epochs": 3, "seed": 42, "train_batch_size": 32, "eval_batch_size": 64, "num_devices": 1, "training_device": "cuda", "metrics": [{"accuracy": 0.7009803921568627, "f1": 0.8195266272189349}, {"accuracy": 0.8063725490196079, "f1": 0.8489483747609943}, {"accuracy": 0.8259803921568627, "f1": 0.8756567425569177}], "speeds": {"training": {"mean": 0.46360095367245263, "times": [0.4662784851564736, 0.46137828601737135, 0.4631460898435129]}, "evaluation": {"mean": 0.01011370009516776, "times": [0.009802826571623362, 0.010422099714300461, 0.010116173999579457]}}}