{"dataset": "mrpc", "model": "bert-base-cased", "lr": 2e-05, "num_epochs": 3, "seed": 42, "train_batch_size": 32, "eval_batch_size": 64, "num_devices": 1, "training_device": "cuda", "metrics": [{"accuracy": 0.7009803921568627, "f1": 0.8195266272189349}, {"accuracy": 0.8063725490196079, "f1": 0.8489483747609943}, {"accuracy": 0.8259803921568627, "f1": 0.8756567425569177}], "speeds": {"training": {"mean": 0.4635205799449213, "times": [0.4661709213825816, 0.46162987095653396, 0.46276094749564833]}, "evaluation": {"mean": 0.010133933809594877, "times": [0.010338051142493246, 0.010200572285611997, 0.009863178000679389]}}}