{"dataset": "mrpc", "model": "bert-base-cased", "lr": 2e-05, "num_epochs": 3, "seed": 42, "train_batch_size": 32, "eval_batch_size": 64, "num_devices": 1, "training_device": "cuda", "metrics": [{"accuracy": 0.7009803921568627, "f1": 0.8195266272189349}, {"accuracy": 0.8063725490196079, "f1": 0.8489483747609943}, {"accuracy": 0.8259803921568627, "f1": 0.8756567425569177}], "speeds": {"training": {"mean": 0.46391479423770193, "times": [0.4683063409565322, 0.45960981404352186, 0.4638282277130518]}, "evaluation": {"mean": 0.011200029666378257, "times": [0.010100925142718811, 0.013592582856810103, 0.009906580999605856]}}}