{
    "dataset": "mrpc",
    "model": "bert-base-cased",
    "lr": 2e-05,
    "num_epochs": 3,
    "seed": 242,
    "train_batch_size": 16,
    "eval_batch_size": 32,
    "num_devices": 8,
    "training_device": "tpu",
    "metrics": [
        {
            "accuracy": 0.6838235294117647,
            "f1": 0.8122270742358079
        },
        {
            "accuracy": 0.6838235294117647,
            "f1": 0.8122270742358079
        },
        {
            "accuracy": 0.6838235294117647,
            "f1": 0.8122270742358079
        }
    ],
    "speeds": {
        "total": 79.96531940400018,
        "training": {
            "mean": 0.5097028268850116,
            "times": [
                0.5001107020343938,
                0.5088476293103354,
                0.5201501493103055
            ]
        },
        "evaluation": {
            "mean": 0.0836390134998813,
            "times": [
                0.1089701010000681,
                0.08135474150003574,
                0.060592197999540076
            ]
        }
    }
}