{
    "dataset": "mrpc",
    "model": "bert-base-cased",
    "lr": 2e-05,
    "num_epochs": 3,
    "seed": 142,
    "train_batch_size": 16,
    "eval_batch_size": 32,
    "num_devices": 8,
    "training_device": "tpu",
    "metrics": [
        {
            "accuracy": 0.3137254901960784,
            "f1": 0.007092198581560284
        },
        {
            "accuracy": 0.678921568627451,
            "f1": 0.8087591240875913
        },
        {
            "accuracy": 0.678921568627451,
            "f1": 0.8087591240875913
        }
    ],
    "speeds": {
        "total": 78.8346317279993,
        "training": {
            "mean": 0.49943795696558013,
            "times": [
                0.49137329879321723,
                0.4961821361724513,
                0.5107584359310718
            ]
        },
        "evaluation": {
            "mean": 0.07330374433331599,
            "times": [
                0.09511194050037375,
                0.05124590649984384,
                0.07355338599973038
            ]
        }
    }
}