{
    "dataset": "mrpc",
    "model": "bert-base-cased",
    "lr": 2e-05,
    "num_epochs": 3,
    "seed": 42,
    "train_batch_size": 16,
    "eval_batch_size": 32,
    "num_devices": 8,
    "training_device": "tpu",
    "metrics": [
        {
            "accuracy": 0.3161764705882353,
            "f1": 0.0
        },
        {
            "accuracy": 0.678921568627451,
            "f1": 0.8087591240875913
        },
        {
            "accuracy": 0.678921568627451,
            "f1": 0.8087591240875913
        }
    ],
    "speeds": {
        "total": 186.89301944399995,
        "training": {
            "mean": 0.5080071901149245,
            "times": [
                0.4996127420000166,
                0.5163837230344959,
                0.5080251053102608
            ]
        },
        "evaluation": {
            "mean": 0.09061444683326651,
            "times": [
                0.12148726650002573,
                0.06593473600014477,
                0.08442133799962903
            ]
        }
    }
}