{
    "dataset": "mrpc",
    "model": "bert-base-cased",
    "lr": 2e-05,
    "num_epochs": 3,
    "seed": 142,
    "train_batch_size": 32,
    "eval_batch_size": 64,
    "num_devices": 2,
    "training_device": "cuda",
    "metrics": [
        {
            "accuracy": 0.696078431372549,
            "f1": 0.812121212121212
        },
        {
            "accuracy": 0.7867647058823529,
            "f1": 0.8552412645590682
        },
        {
            "accuracy": 0.8112745098039216,
            "f1": 0.8692699490662139
        }
    ],
    "speeds": {
        "total": 104.66602093399888,
        "training": {
            "mean": 0.5431621004310999,
            "times": [
                0.5388889083448295,
                0.5526197855689792,
                0.5379776073794911
            ]
        },
        "evaluation": {
            "mean": 0.008952078666425223,
            "times": [
                0.009091142999750446,
                0.008913391499845602,
                0.00885170149967962
            ]
        }
    }
}