{
    "dataset": "mrpc",
    "model": "bert-base-cased",
    "lr": 2e-05,
    "num_epochs": 3,
    "seed": 242,
    "train_batch_size": 32,
    "eval_batch_size": 64,
    "num_devices": 2,
    "training_device": "cuda",
    "metrics": [
        {
            "accuracy": 0.6838235294117647,
            "f1": 0.8122270742358079
        },
        {
            "accuracy": 0.7745098039215687,
            "f1": 0.8430034129692833
        },
        {
            "accuracy": 0.7916666666666666,
            "f1": 0.8551959114139693
        }
    ],
    "speeds": {
        "total": 104.64647277199947,
        "training": {
            "mean": 0.5428982798620978,
            "times": [
                0.5419124034137738,
                0.5427064435517768,
                0.5440759926207428
            ]
        },
        "evaluation": {
            "mean": 0.010639804916536377,
            "times": [
                0.009118859249610978,
                0.009457480250148365,
                0.01334307524984979
            ]
        }
    }
}