{
    "dataset": "mrpc",
    "model": "bert-base-cased",
    "lr": 2e-05,
    "num_epochs": 3,
    "seed": 342,
    "train_batch_size": 32,
    "eval_batch_size": 64,
    "num_devices": 2,
    "training_device": "cuda",
    "metrics": [
        {
            "accuracy": 0.6985294117647058,
            "f1": 0.8161434977578476
        },
        {
            "accuracy": 0.7745098039215687,
            "f1": 0.8557993730407523
        },
        {
            "accuracy": 0.8308823529411765,
            "f1": 0.8844221105527639
        }
    ],
    "speeds": {
        "total": 104.49403922400052,
        "training": {
            "mean": 0.5427865850574092,
            "times": [
                0.5384612097241188,
                0.5466309091896556,
                0.5432676362584532
            ]
        },
        "evaluation": {
            "mean": 0.009036247667002803,
            "times": [
                0.009063880500434607,
                0.009068261250376963,
                0.008976601250196836
            ]
        }
    }
}