{
    "dataset": "mrpc",
    "model": "bert-base-cased",
    "lr": 2e-05,
    "num_epochs": 3,
    "seed": 342,
    "train_batch_size": 32,
    "eval_batch_size": 64,
    "num_devices": 1,
    "training_device": "cuda",
    "metrics": [
        {
            "accuracy": 0.7181372549019608,
            "f1": 0.8034188034188035
        },
        {
            "accuracy": 0.821078431372549,
            "f1": 0.8816855753646677
        },
        {
            "accuracy": 0.8406862745098039,
            "f1": 0.8892674616695059
        }
    ],
    "speeds": {
        "total": 61.822739358000035,
        "training": {
            "mean": 0.16806514285801602,
            "times": [
                0.16750066596529867,
                0.16885686223482163,
                0.1678379003739278
            ]
        },
        "evaluation": {
            "mean": 0.011579702714395049,
            "times": [
                0.011617206714358222,
                0.011522795857412607,
                0.011599105571414319
            ]
        }
    }
}