{
    "dataset": "mrpc",
    "model": "bert-base-cased",
    "lr": 2e-05,
    "num_epochs": 3,
    "seed": 242,
    "train_batch_size": 32,
    "eval_batch_size": 64,
    "num_devices": 1,
    "training_device": "cuda",
    "metrics": [
        {
            "accuracy": 0.7083333333333334,
            "f1": 0.8215892053973014
        },
        {
            "accuracy": 0.821078431372549,
            "f1": 0.8752136752136752
        },
        {
            "accuracy": 0.8284313725490197,
            "f1": 0.8821548821548822
        }
    ],
    "speeds": {
        "total": 61.934235400000034,
        "training": {
            "mean": 0.16829397336810423,
            "times": [
                0.16698353362604076,
                0.16822529312170367,
                0.16967309335656824
            ]
        },
        "evaluation": {
            "mean": 0.011639132095080554,
            "times": [
                0.01163952742834746,
                0.011658493428382957,
                0.011619375428511245
            ]
        }
    }
}