{
    "dataset": "mrpc",
    "model": "bert-base-cased",
    "lr": 2e-05,
    "num_epochs": 3,
    "seed": 142,
    "train_batch_size": 32,
    "eval_batch_size": 64,
    "num_devices": 1,
    "training_device": "cuda",
    "metrics": [
        {
            "accuracy": 0.7034313725490197,
            "f1": 0.8207407407407408
        },
        {
            "accuracy": 0.8014705882352942,
            "f1": 0.8433268858800774
        },
        {
            "accuracy": 0.8382352941176471,
            "f1": 0.8850174216027874
        }
    ],
    "speeds": {
        "total": 62.34774046199982,
        "training": {
            "mean": 0.16948041940579878,
            "times": [
                0.16937295299128732,
                0.17118424099133572,
                0.16788406423477326
            ]
        },
        "evaluation": {
            "mean": 0.011749945904739434,
            "times": [
                0.011686522571315956,
                0.01190564414290358,
                0.011657670999998768
            ]
        }
    }
}