{
    "dataset": "mrpc",
    "model": "bert-base-cased",
    "lr": 2e-05,
    "num_epochs": 3,
    "seed": 242,
    "train_batch_size": 16,
    "eval_batch_size": 32,
    "num_devices": 8,
    "training_device": "tpu",
    "metrics": [
        {
            "accuracy": 0.6838235294117647,
            "f1": 0.8122270742358079
        },
        {
            "accuracy": 0.7058823529411765,
            "f1": 0.8198198198198199
        },
        {
            "accuracy": 0.7328431372549019,
            "f1": 0.8267090620031797
        }
    ],
    "speeds": {
        "total": 93.7398258029989,
        "training": {
            "mean": 0.5232586042527574,
            "times": [
                0.52670489982747,
                0.5230073644135449,
                0.5200635485172573
            ]
        },
        "evaluation": {
            "mean": 0.07375981600004404,
            "times": [
                0.08659269950021553,
                0.052907543999936024,
                0.08177920449998055
            ]
        }
    }
}