{
    "dataset": "mrpc",
    "model": "bert-base-cased",
    "lr": 2e-05,
    "num_epochs": 3,
    "seed": 42,
    "train_batch_size": 16,
    "eval_batch_size": 32,
    "num_devices": 8,
    "training_device": "tpu",
    "metrics": [
        {
            "accuracy": 0.6838235294117647,
            "f1": 0.8122270742358079
        },
        {
            "accuracy": 0.7058823529411765,
            "f1": 0.8203592814371258
        },
        {
            "accuracy": 0.7303921568627451,
            "f1": 0.8259493670886074
        }
    ],
    "speeds": {
        "total": 90.93359197300015,
        "training": {
            "mean": 0.5193710238965086,
            "times": [
                0.5155402107586018,
                0.5146328113791995,
                0.5279400495517245
            ]
        },
        "evaluation": {
            "mean": 0.09210820533371589,
            "times": [
                0.11551163900094252,
                0.07200174349964072,
                0.08881123350056441
            ]
        }
    }
}