{
    "dataset": "mrpc",
    "model": "bert-base-cased",
    "lr": 2e-05,
    "num_epochs": 3,
    "seed": 142,
    "train_batch_size": 16,
    "eval_batch_size": 32,
    "num_devices": 8,
    "training_device": "tpu",
    "metrics": [
        {
            "accuracy": 0.6838235294117647,
            "f1": 0.8122270742358079
        },
        {
            "accuracy": 0.696078431372549,
            "f1": 0.8160237388724035
        },
        {
            "accuracy": 0.7132352941176471,
            "f1": 0.821917808219178
        }
    ],
    "speeds": {
        "total": 92.53668864199972,
        "training": {
            "mean": 0.5140500253448784,
            "times": [
                0.5018459096207717,
                0.5068314063106488,
                0.5334727601032149
            ]
        },
        "evaluation": {
            "mean": 0.0829472624994499,
            "times": [
                0.12321683699883579,
                0.077366049500597,
                0.04825890099891694
            ]
        }
    }
}