{
    "dataset": "mrpc",
    "model": "bert-base-cased",
    "lr": 0.00016,
    "num_epochs": 3,
    "seed": 42,
    "train_batch_size": 4,
    "eval_batch_size": 64,
    "num_devices": 8,
    "training_device": "tpu",
    "metrics": [
        {
            "accuracy": 0.6838235294117647,
            "f1": 0.8122270742358079
        },
        {
            "accuracy": 0.6838235294117647,
            "f1": 0.8122270742358079
        },
        {
            "accuracy": 0.6838235294117647,
            "f1": 0.8122270742358079
        }
    ],
    "speeds": {
        "total": 257.72326663700005,
        "training": {
            "mean": 0.07486490426498571,
            "times": [
                0.07455831853107872,
                0.07505284491383135,
                0.07498354935004704
            ]
        },
        "evaluation": {
            "mean": 0.013547584047695896,
            "times": [
                0.015301510857170797,
                0.01261358400019422,
                0.012727657285722671
            ]
        }
    }
}