{
    "dataset": "mrpc",
    "model": "bert-base-cased",
    "lr": 0.00016,
    "num_epochs": 3,
    "seed": 42,
    "train_batch_size": 4,
    "eval_batch_size": 64,
    "num_devices": 8,
    "training_device": "tpu",
    "metrics": [
        {
            "accuracy": 0.6838235294117647,
            "f1": 0.8122270742358079
        },
        {
            "accuracy": 0.6838235294117647,
            "f1": 0.8122270742358079
        },
        {
            "accuracy": 0.6838235294117647,
            "f1": 0.8122270742358079
        }
    ],
    "speeds": {
        "total": 257.15247645900035,
        "training": {
            "mean": 0.07485265317884411,
            "times": [
                0.07510502112213688,
                0.0749631286630371,
                0.07448980975135834
            ]
        },
        "evaluation": {
            "mean": 0.013612478095248142,
            "times": [
                0.01566072114292183,
                0.013741806142856408,
                0.011434906999966188
            ]
        }
    }
}