{
    "dataset": "mrpc",
    "model": "bert-base-cased",
    "lr": 0.00016,
    "num_epochs": 3,
    "seed": 42,
    "train_batch_size": 4,
    "eval_batch_size": 64,
    "num_devices": 8,
    "training_device": "tpu",
    "metrics": [
        {
            "accuracy": 0.6838235294117647,
            "f1": 0.8122270742358079
        },
        {
            "accuracy": 0.6838235294117647,
            "f1": 0.8122270742358079
        },
        {
            "accuracy": 0.6838235294117647,
            "f1": 0.8122270742358079
        }
    ],
    "speeds": {
        "total": 258.2921962999999,
        "training": {
            "mean": 0.07531263628643885,
            "times": [
                0.07387002089858881,
                0.07543747797708589,
                0.07663040998364183
            ]
        },
        "evaluation": {
            "mean": 0.014752150047657085,
            "times": [
                0.015499145714134752,
                0.016083129714388633,
                0.012674174714447872
            ]
        }
    }
}