{
    "dataset": "mrpc",
    "model": "bert-base-cased",
    "lr": 2e-05,
    "num_epochs": 3,
    "seed": 242,
    "train_batch_size": 8,
    "eval_batch_size": 32,
    "num_devices": 8,
    "training_device": "tpu",
    "metrics": [
        {
            "accuracy": 0.6838235294117647,
            "f1": 0.8122270742358079
        },
        {
            "accuracy": 0.6838235294117647,
            "f1": 0.8122270742358079
        },
        {
            "accuracy": 0.6838235294117647,
            "f1": 0.8122270742358079
        }
    ],
    "speeds": {
        "total": 127.96032525800001,
        "training": {
            "mean": 0.46360350319542476,
            "times": [
                0.4584957673620826,
                0.46647510279308335,
                0.4658396394311083
            ]
        },
        "evaluation": {
            "mean": 0.07308013016669672,
            "times": [
                0.09491637949940923,
                0.0641042360002757,
                0.06021977500040521
            ]
        }
    }
}