{
    "dataset": "mrpc",
    "model": "bert-base-cased",
    "lr": 2e-05,
    "num_epochs": 3,
    "seed": 142,
    "train_batch_size": 8,
    "eval_batch_size": 32,
    "num_devices": 8,
    "training_device": "tpu",
    "metrics": [
        {
            "accuracy": 0.6813725490196079,
            "f1": 0.8104956268221574
        },
        {
            "accuracy": 0.6838235294117647,
            "f1": 0.8122270742358079
        },
        {
            "accuracy": 0.6838235294117647,
            "f1": 0.8122270742358079
        }
    ],
    "speeds": {
        "total": 107.69863376099966,
        "training": {
            "mean": 0.4598776618562802,
            "times": [
                0.4499640943965209,
                0.4627206115861115,
                0.46694827958620816
            ]
        },
        "evaluation": {
            "mean": 0.0840376834999006,
            "times": [
                0.11471666500028732,
                0.08362526849941787,
                0.05377111699999659
            ]
        }
    }
}