{
    "dataset": "mrpc",
    "model": "bert-base-cased",
    "lr": 2e-05,
    "num_epochs": 3,
    "seed": 42,
    "train_batch_size": 8,
    "eval_batch_size": 32,
    "num_devices": 8,
    "training_device": "tpu",
    "metrics": [
        {
            "accuracy": 0.678921568627451,
            "f1": 0.8087591240875913
        },
        {
            "accuracy": 0.6813725490196079,
            "f1": 0.8104956268221574
        },
        {
            "accuracy": 0.6813725490196079,
            "f1": 0.8104956268221574
        }
    ],
    "speeds": {
        "total": 255.0606642820003,
        "training": {
            "mean": 0.46238547864946855,
            "times": [
                0.4553145496207623,
                0.46970729086207685,
                0.4621345954655665
            ]
        },
        "evaluation": {
            "mean": 0.07310555283356734,
            "times": [
                0.08479660350030827,
                0.06998822500008828,
                0.06453183000030549
            ]
        }
    }
}