{
    "dataset": "mrpc",
    "model": "bert-base-cased",
    "lr": 4e-05,
    "num_epochs": 3,
    "seed": 142,
    "train_batch_size": 32,
    "eval_batch_size": 64,
    "num_devices": 2,
    "training_device": "cuda",
    "metrics": [
        {
            "accuracy": 0.7058823529411765,
            "f1": 0.8181818181818181
        },
        {
            "accuracy": 0.8137254901960784,
            "f1": 0.8785942492012779
        },
        {
            "accuracy": 0.8504901960784313,
            "f1": 0.8942807625649914
        }
    ],
    "speeds": {
        "total": 105.06599128499874,
        "training": {
            "mean": 0.5449865225000394,
            "times": [
                0.5550095093276155,
                0.5430619117588039,
                0.536888146413699
            ]
        },
        "evaluation": {
            "mean": 0.008943068416859509,
            "times": [
                0.009002255750147015,
                0.00900748725007361,
                0.008819462250357901
            ]
        }
    }
}