{
    "dataset": "mrpc",
    "model": "bert-base-cased",
    "lr": 4e-05,
    "num_epochs": 3,
    "seed": 342,
    "train_batch_size": 32,
    "eval_batch_size": 64,
    "num_devices": 2,
    "training_device": "cuda",
    "metrics": [
        {
            "accuracy": 0.7058823529411765,
            "f1": 0.8219584569732937
        },
        {
            "accuracy": 0.8382352941176471,
            "f1": 0.8892617449664431
        },
        {
            "accuracy": 0.8529411764705882,
            "f1": 0.8969072164948454
        }
    ],
    "speeds": {
        "total": 104.71927899899856,
        "training": {
            "mean": 0.5430967008161269,
            "times": [
                0.5385145425344208,
                0.5457669740517931,
                0.5450085858621668
            ]
        },
        "evaluation": {
            "mean": 0.010005180250421594,
            "times": [
                0.008909859500363382,
                0.00906162050068815,
                0.012044060750213248
            ]
        }
    }
}