{
    "dataset": "mrpc",
    "model": "bert-base-cased",
    "lr": 4e-05,
    "num_epochs": 3,
    "seed": 242,
    "train_batch_size": 32,
    "eval_batch_size": 64,
    "num_devices": 2,
    "training_device": "cuda",
    "metrics": [
        {
            "accuracy": 0.6985294117647058,
            "f1": 0.8166915052160953
        },
        {
            "accuracy": 0.7794117647058824,
            "f1": 0.8398576512455516
        },
        {
            "accuracy": 0.8357843137254902,
            "f1": 0.8838821490467937
        }
    ],
    "speeds": {
        "total": 104.6685918990006,
        "training": {
            "mean": 0.5429323247298866,
            "times": [
                0.5452418323447373,
                0.5395908465862734,
                0.5439642952586492
            ]
        },
        "evaluation": {
            "mean": 0.008909473333157317,
            "times": [
                0.008970246499757195,
                0.008891705750102119,
                0.008866467749612639
            ]
        }
    }
}