{
    "dataset": "mrpc",
    "model": "bert-base-cased",
    "lr": 2e-05,
    "num_epochs": 3,
    "seed": 342,
    "train_batch_size": 16,
    "eval_batch_size": 32,
    "num_devices": 2,
    "training_device": "cuda",
    "metrics": [
        {
            "accuracy": 0.7426470588235294,
            "f1": 0.8396946564885496
        },
        {
            "accuracy": 0.8406862745098039,
            "f1": 0.8892674616695059
        },
        {
            "accuracy": 0.8431372549019608,
            "f1": 0.8900343642611684
        }
    ],
    "speeds": {
        "total": 59.144733563000045,
        "training": {
            "mean": 0.15615499227249635,
            "times": [
                0.15550827457398397,
                0.15782748744345357,
                0.1551292148000515
            ]
        },
        "evaluation": {
            "mean": 0.012124179618954909,
            "times": [
                0.0117178579998186,
                0.011427154999962243,
                0.013227525857083882
            ]
        }
    }
}