{
    "dataset": "mrpc",
    "model": "bert-base-cased",
    "lr": 2e-05,
    "num_epochs": 3,
    "seed": 242,
    "train_batch_size": 16,
    "eval_batch_size": 32,
    "num_devices": 2,
    "training_device": "cuda",
    "metrics": [
        {
            "accuracy": 0.7156862745098039,
            "f1": 0.7835820895522388
        },
        {
            "accuracy": 0.7965686274509803,
            "f1": 0.8561525129982669
        },
        {
            "accuracy": 0.8112745098039216,
            "f1": 0.8701517706576728
        }
    ],
    "speeds": {
        "total": 59.03606381700047,
        "training": {
            "mean": 0.15580262333916334,
            "times": [
                0.1552217142087339,
                0.15704828300880289,
                0.15513787279995322
            ]
        },
        "evaluation": {
            "mean": 0.011800033142554596,
            "times": [
                0.011728832999714152,
                0.01192087328542714,
                0.011750393142522495
            ]
        }
    }
}