{
    "dataset": "mrpc",
    "model": "bert-base-cased",
    "lr": 2e-05,
    "num_epochs": 3,
    "seed": 142,
    "train_batch_size": 16,
    "eval_batch_size": 32,
    "num_devices": 2,
    "training_device": "cuda",
    "metrics": [
        {
            "accuracy": 0.7794117647058824,
            "f1": 0.8566878980891721
        },
        {
            "accuracy": 0.8455882352941176,
            "f1": 0.8900523560209423
        },
        {
            "accuracy": 0.8455882352941176,
            "f1": 0.8880994671403197
        }
    ],
    "speeds": {
        "total": 59.306924285001514,
        "training": {
            "mean": 0.15661460924929468,
            "times": [
                0.15723607878272836,
                0.15733928917386789,
                0.15526845979128784
            ]
        },
        "evaluation": {
            "mean": 0.011331083095120405,
            "times": [
                0.011477450714145172,
                0.011230570714230583,
                0.01128522785698546
            ]
        }
    }
}