{
    "dataset": "mrpc",
    "model": "bert-base-cased",
    "lr": 2e-05,
    "num_epochs": 3,
    "seed": 142,
    "train_batch_size": 32,
    "eval_batch_size": 64,
    "num_devices": 1,
    "training_device": "cuda",
    "metrics": [
        {
            "accuracy": 0.7083333333333334,
            "f1": 0.8221225710014948
        },
        {
            "accuracy": 0.803921568627451,
            "f1": 0.8484848484848484
        },
        {
            "accuracy": 0.8406862745098039,
            "f1": 0.8873483535528597
        }
    ],
    "speeds": {
        "total": 65.94746249700074,
        "training": {
            "mean": 0.1791251460927542,
            "times": [
                0.1793450888608514,
                0.180596318313094,
                0.17743403110431719
            ]
        },
        "evaluation": {
            "mean": 0.0108340083334042,
            "times": [
                0.01063076228560281,
                0.010711120714924098,
                0.011160141999685689
            ]
        }
    }
}