{
    "dataset": "mrpc",
    "model": "bert-base-cased",
    "lr": 2e-05,
    "num_epochs": 3,
    "seed": 242,
    "train_batch_size": 32,
    "eval_batch_size": 64,
    "num_devices": 1,
    "training_device": "cuda",
    "metrics": [
        {
            "accuracy": 0.7009803921568627,
            "f1": 0.8184523809523809
        },
        {
            "accuracy": 0.8308823529411765,
            "f1": 0.8828522920203735
        },
        {
            "accuracy": 0.8431372549019608,
            "f1": 0.8926174496644296
        }
    ],
    "speeds": {
        "total": 65.3756004629995,
        "training": {
            "mean": 0.1776658997014686,
            "times": [
                0.1762406470521376,
                0.17808230543492043,
                0.17867474661734772
            ]
        },
        "evaluation": {
            "mean": 0.010551473524000834,
            "times": [
                0.010766290142782964,
                0.010316959571615112,
                0.010571170857604426
            ]
        }
    }
}