{
    "dataset": "mrpc",
    "model": "bert-base-cased",
    "lr": 2e-05,
    "num_epochs": 3,
    "seed": 342,
    "train_batch_size": 32,
    "eval_batch_size": 64,
    "num_devices": 1,
    "training_device": "cuda",
    "metrics": [
        {
            "accuracy": 0.7352941176470589,
            "f1": 0.8274760383386581
        },
        {
            "accuracy": 0.8259803921568627,
            "f1": 0.883415435139573
        },
        {
            "accuracy": 0.8480392156862745,
            "f1": 0.8938356164383561
        }
    ],
    "speeds": {
        "total": 65.32121247400028,
        "training": {
            "mean": 0.1775428691420793,
            "times": [
                0.1766048011217208,
                0.17843997160008535,
                0.1775838347044318
            ]
        },
        "evaluation": {
            "mean": 0.010593073999795404,
            "times": [
                0.010571670571412792,
                0.0106745675714462,
                0.010532983856527218
            ]
        }
    }
}