{
    "dataset": "mrpc",
    "model": "bert-base-cased",
    "lr": 2e-05,
    "num_epochs": 3,
    "seed": 42,
    "train_batch_size": 16,
    "eval_batch_size": 32,
    "num_devices": 8,
    "training_device": "tpu",
    "metrics": [
        {
            "accuracy": 0.6838235294117647,
            "f1": 0.8122270742358079
        },
        {
            "accuracy": 0.7058823529411765,
            "f1": 0.8203592814371258
        },
        {
            "accuracy": 0.7303921568627451,
            "f1": 0.8259493670886074
        }
    ],
    "speeds": {
        "total": 83.09881239399965,
        "training": {
            "mean": 0.5237438860114456,
            "times": [
                0.5328791555861683,
                0.5192016772758381,
                0.5191508251723306
            ]
        },
        "evaluation": {
            "mean": 0.0679541711665479,
            "times": [
                0.08962591099952988,
                0.05962212750000617,
                0.05461447500010763
            ]
        }
    }
}