{
    "dataset": "mrpc",
    "model": "bert-base-cased",
    "lr": 2e-05,
    "num_epochs": 3,
    "seed": 142,
    "train_batch_size": 16,
    "eval_batch_size": 32,
    "num_devices": 8,
    "training_device": "tpu",
    "metrics": [
        {
            "accuracy": 0.6838235294117647,
            "f1": 0.8122270742358079
        },
        {
            "accuracy": 0.696078431372549,
            "f1": 0.8160237388724035
        },
        {
            "accuracy": 0.7132352941176471,
            "f1": 0.821917808219178
        }
    ],
    "speeds": {
        "total": 98.801126587,
        "training": {
            "mean": 0.5307965638620218,
            "times": [
                0.5314019598275802,
                0.5330357257930229,
                0.5279520059654621
            ]
        },
        "evaluation": {
            "mean": 0.07942735516644461,
            "times": [
                0.10190512749977643,
                0.06978261150015896,
                0.06659432649939845
            ]
        }
    }
}