{
    "dataset": "mrpc",
    "model": "bert-base-cased",
    "lr": 0.00016,
    "num_epochs": 3,
    "seed": 42,
    "train_batch_size": 4,
    "eval_batch_size": 64,
    "num_devices": 8,
    "training_device": "tpu",
    "metrics": [
        {
            "accuracy": 0.6838235294117647,
            "f1": 0.8122270742358079
        },
        {
            "accuracy": 0.6838235294117647,
            "f1": 0.8122270742358079
        },
        {
            "accuracy": 0.6838235294117647,
            "f1": 0.8122270742358079
        }
    ],
    "speeds": {
        "total": 235.2407784649995,
        "training": {
            "mean": 0.06687503936458619,
            "times": [
                0.0665517783936633,
                0.06656706485712913,
                0.06750627484296615
            ]
        },
        "evaluation": {
            "mean": 0.014906133857169022,
            "times": [
                0.014723654285912094,
                0.015331426714250742,
                0.01466332057134423
            ]
        }
    }
}