{
    "dataset": "mrpc",
    "model": "bert-base-cased",
    "lr": 0.00016,
    "num_epochs": 3,
    "seed": 42,
    "train_batch_size": 4,
    "eval_batch_size": 64,
    "num_devices": 8,
    "training_device": "tpu",
    "metrics": [
        {
            "accuracy": 0.6838235294117647,
            "f1": 0.8122270742358079
        },
        {
            "accuracy": 0.6838235294117647,
            "f1": 0.8122270742358079
        },
        {
            "accuracy": 0.6838235294117647,
            "f1": 0.8122270742358079
        }
    ],
    "speeds": {
        "total": 233.86234679299923,
        "training": {
            "mean": 0.06664305096293266,
            "times": [
                0.06709757589204644,
                0.06621311173392853,
                0.066618465262823
            ]
        },
        "evaluation": {
            "mean": 0.013164146904576532,
            "times": [
                0.013599792571247755,
                0.012016053571122549,
                0.013876594571359289
            ]
        }
    }
}