{
    "dataset": "mrpc",
    "model": "bert-base-cased",
    "lr": 0.00016,
    "num_epochs": 3,
    "seed": 42,
    "train_batch_size": 4,
    "eval_batch_size": 64,
    "num_devices": 8,
    "training_device": "tpu",
    "metrics": [
        {
            "accuracy": 0.6838235294117647,
            "f1": 0.8122270742358079
        },
        {
            "accuracy": 0.6838235294117647,
            "f1": 0.8122270742358079
        },
        {
            "accuracy": 0.6838235294117647,
            "f1": 0.8122270742358079
        }
    ],
    "speeds": {
        "total": 235.02485575300034,
        "training": {
            "mean": 0.06678500308795256,
            "times": [
                0.0666787774307453,
                0.06707324760959572,
                0.06660298422351667
            ]
        },
        "evaluation": {
            "mean": 0.013123774904800354,
            "times": [
                0.01437461828585843,
                0.013220341428677784,
                0.01177636499986485
            ]
        }
    }
}