{
    "dataset": "mrpc",
    "model": "bert-base-cased",
    "lr": 0.00016,
    "num_epochs": 3,
    "seed": 42,
    "train_batch_size": 4,
    "eval_batch_size": 64,
    "num_devices": 8,
    "training_device": "tpu",
    "metrics": [
        {
            "accuracy": 0.6838235294117647,
            "f1": 0.8122270742358079
        },
        {
            "accuracy": 0.6838235294117647,
            "f1": 0.8122270742358079
        },
        {
            "accuracy": 0.6838235294117647,
            "f1": 0.8122270742358079
        }
    ],
    "speeds": {
        "total": 253.49585979599942,
        "training": {
            "mean": 0.07381001818540071,
            "times": [
                0.07396336754638048,
                0.07414772808179222,
                0.07331895892802945
            ]
        },
        "evaluation": {
            "mean": 0.01284860942862343,
            "times": [
                0.014101296857656312,
                0.012229625428257609,
                0.01221490599995637
            ]
        }
    }
}