{
    "dataset": "mrpc",
    "model": "bert-base-cased",
    "lr": 0.00016,
    "num_epochs": 3,
    "seed": 42,
    "train_batch_size": 4,
    "eval_batch_size": 64,
    "num_devices": 8,
    "training_device": "tpu",
    "metrics": [
        {
            "accuracy": 0.6838235294117647,
            "f1": 0.8122270742358079
        },
        {
            "accuracy": 0.6838235294117647,
            "f1": 0.8122270742358079
        },
        {
            "accuracy": 0.6838235294117647,
            "f1": 0.8122270742358079
        }
    ],
    "speeds": {
        "total": 257.96113303200036,
        "training": {
            "mean": 0.07497652460269096,
            "times": [
                0.07470776416575496,
                0.0751495105299971,
                0.07507229911232079
            ]
        },
        "evaluation": {
            "mean": 0.012538248285679964,
            "times": [
                0.01300932542848646,
                0.012453767571189798,
                0.012151651857363634
            ]
        }
    }
}