{
    "dataset": "mrpc",
    "model": "bert-base-cased",
    "lr": 0.00016,
    "num_epochs": 3,
    "seed": 42,
    "train_batch_size": 4,
    "eval_batch_size": 64,
    "num_devices": 8,
    "training_device": "tpu",
    "metrics": [
        {
            "accuracy": 0.6838235294117647,
            "f1": 0.8122270742358079
        },
        {
            "accuracy": 0.6838235294117647,
            "f1": 0.8122270742358079
        },
        {
            "accuracy": 0.6838235294117647,
            "f1": 0.8122270742358079
        }
    ],
    "speeds": {
        "total": 255.99978141599968,
        "training": {
            "mean": 0.07445080199055128,
            "times": [
                0.07393972645906671,
                0.07455546101528886,
                0.07485721849729825
            ]
        },
        "evaluation": {
            "mean": 0.014293055761733004,
            "times": [
                0.01536523285722069,
                0.012298517856834223,
                0.015215416571144098
            ]
        }
    }
}