{
    "dataset": "mrpc",
    "model": "bert-base-cased",
    "lr": 2e-05,
    "num_epochs": 3,
    "seed": 42,
    "train_batch_size": 32,
    "eval_batch_size": 64,
    "num_devices": 8,
    "training_device": "tpu",
    "metrics": [
        {
            "accuracy": 0.6838235294117647,
            "f1": 0.8122270742358079
        },
        {
            "accuracy": 0.6887254901960784,
            "f1": 0.8140556368960467
        },
        {
            "accuracy": 0.696078431372549,
            "f1": 0.8165680473372782
        }
    ],
    "speeds": {
        "total": 78.88364068200008,
        "training": {
            "mean": 0.1956622284231871,
            "times": [
                0.19522686324346622,
                0.19747022741738993,
                0.19428959460870512
            ]
        },
        "evaluation": {
            "mean": 0.014049169428636517,
            "times": [
                0.015071518571468394,
                0.011586118571488311,
                0.015489871142952845
            ]
        }
    }
}