{
    "dataset": "mrpc",
    "model": "bert-base-cased",
    "lr": 2e-05,
    "num_epochs": 3,
    "seed": 42,
    "train_batch_size": 32,
    "eval_batch_size": 64,
    "num_devices": 8,
    "training_device": "tpu",
    "metrics": [
        {
            "accuracy": 0.6838235294117647,
            "f1": 0.8122270742358079
        },
        {
            "accuracy": 0.6887254901960784,
            "f1": 0.8140556368960467
        },
        {
            "accuracy": 0.696078431372549,
            "f1": 0.8165680473372782
        }
    ],
    "speeds": {
        "total": 79.14127340800042,
        "training": {
            "mean": 0.1960195856695925,
            "times": [
                0.19594959326088587,
                0.1975723878000439,
                0.1945367759478477
            ]
        },
        "evaluation": {
            "mean": 0.015770453857017162,
            "times": [
                0.019183410714114352,
                0.01332728914271034,
                0.014800661714226797
            ]
        }
    }
}