{
    "dataset": "mrpc",
    "model": "bert-base-cased",
    "lr": 2e-05,
    "num_epochs": 3,
    "seed": 42,
    "train_batch_size": 32,
    "eval_batch_size": 64,
    "num_devices": 8,
    "training_device": "tpu",
    "metrics": [
        {
            "accuracy": 0.6838235294117647,
            "f1": 0.8122270742358079
        },
        {
            "accuracy": 0.6887254901960784,
            "f1": 0.8140556368960467
        },
        {
            "accuracy": 0.696078431372549,
            "f1": 0.8165680473372782
        }
    ],
    "speeds": {
        "total": 79.07427356400058,
        "training": {
            "mean": 0.19538938391596394,
            "times": [
                0.19564545543480957,
                0.19686803066090405,
                0.19365466565217818
            ]
        },
        "evaluation": {
            "mean": 0.014556587952592097,
            "times": [
                0.016791163857435874,
                0.012219525571578873,
                0.014659074428761545
            ]
        }
    }
}