{
    "dataset": "mrpc",
    "model": "bert-base-cased",
    "lr": 2e-05,
    "num_epochs": 3,
    "seed": 42,
    "train_batch_size": 8,
    "eval_batch_size": 32,
    "num_devices": 8,
    "training_device": "tpu",
    "metrics": [
        {
            "accuracy": 0.7230392156862745,
            "f1": 0.8248062015503876
        },
        {
            "accuracy": 0.7843137254901961,
            "f1": 0.8557377049180328
        },
        {
            "accuracy": 0.8112745098039216,
            "f1": 0.8627450980392156
        }
    ],
    "speeds": {
        "total": 137.0124641300008,
        "training": {
            "mean": 0.4773104720976836,
            "times": [
                0.4698985692584756,
                0.47672839589662985,
                0.48530445113794546
            ]
        },
        "evaluation": {
            "mean": 0.07685371433368952,
            "times": [
                0.07576278850046947,
                0.07743494300029852,
                0.07736341150030057
            ]
        }
    }
}