{
    "dataset": "mrpc",
    "model": "bert-base-cased",
    "lr": 2e-05,
    "num_epochs": 3,
    "seed": 142,
    "train_batch_size": 8,
    "eval_batch_size": 32,
    "num_devices": 8,
    "training_device": "tpu",
    "metrics": [
        {
            "accuracy": 0.6887254901960784,
            "f1": 0.8145985401459854
        },
        {
            "accuracy": 0.7573529411764706,
            "f1": 0.8352745424292847
        },
        {
            "accuracy": 0.7769607843137255,
            "f1": 0.8525121555915721
        }
    ],
    "speeds": {
        "total": 138.83473034600138,
        "training": {
            "mean": 0.48842930909771914,
            "times": [
                0.4816896339826944,
                0.49069182870692296,
                0.4929064646035401
            ]
        },
        "evaluation": {
            "mean": 0.07089033699988552,
            "times": [
                0.08439302900023904,
                0.0571190584996657,
                0.07115892349975184
            ]
        }
    }
}