{
    "dataset": "mrpc",
    "model": "bert-base-cased",
    "lr": 2e-05,
    "num_epochs": 3,
    "seed": 242,
    "train_batch_size": 8,
    "eval_batch_size": 32,
    "num_devices": 8,
    "training_device": "tpu",
    "metrics": [
        {
            "accuracy": 0.7156862745098039,
            "f1": 0.8204334365325078
        },
        {
            "accuracy": 0.7720588235294118,
            "f1": 0.8535433070866142
        },
        {
            "accuracy": 0.8112745098039216,
            "f1": 0.8697123519458544
        }
    ],
    "speeds": {
        "total": 136.17642294399957,
        "training": {
            "mean": 0.4787678544769566,
            "times": [
                0.47865346305163003,
                0.48112052198274763,
                0.476529578396492
            ]
        },
        "evaluation": {
            "mean": 0.07581194183300492,
            "times": [
                0.1175516189996415,
                0.075620403999892,
                0.034263802499481244
            ]
        }
    }
}