{
    "dataset": "mrpc",
    "model": "bert-base-cased",
    "lr": 2e-05,
    "num_epochs": 3,
    "seed": 42,
    "train_batch_size": 32,
    "eval_batch_size": 64,
    "num_devices": 8,
    "training_device": "tpu",
    "metrics": [
        {
            "accuracy": 0.7058823529411765,
            "f1": 0.8214285714285715
        },
        {
            "accuracy": 0.8357843137254902,
            "f1": 0.888888888888889
        },
        {
            "accuracy": 0.8504901960784313,
            "f1": 0.8946459412780656
        }
    ],
    "speeds": {
        "total": 83.75819180400049,
        "training": {
            "mean": 0.20991528833044446,
            "times": [
                0.2105484018782511,
                0.2080103629217774,
                0.21118710019130485
            ]
        },
        "evaluation": {
            "mean": 0.01340042971428158,
            "times": [
                0.01656257642844139,
                0.011417946856974075,
                0.012220765857429277
            ]
        }
    }
}