{
    "dataset": "mrpc",
    "model": "bert-base-cased",
    "lr": 2e-05,
    "num_epochs": 3,
    "seed": 42,
    "train_batch_size": 32,
    "eval_batch_size": 64,
    "num_devices": 8,
    "training_device": "tpu",
    "metrics": [
        {
            "accuracy": 0.7058823529411765,
            "f1": 0.8214285714285715
        },
        {
            "accuracy": 0.8357843137254902,
            "f1": 0.888888888888889
        },
        {
            "accuracy": 0.8504901960784313,
            "f1": 0.8946459412780656
        }
    ],
    "speeds": {
        "total": 83.71830547700029,
        "training": {
            "mean": 0.20953158186376392,
            "times": [
                0.21139610478259546,
                0.20891580366957857,
                0.2082828371391177
            ]
        },
        "evaluation": {
            "mean": 0.01291569238102446,
            "times": [
                0.014188455428666202,
                0.013301273999916572,
                0.011257347714490606
            ]
        }
    }
}