{"dataset": "mrpc", "model": "bert-base-cased", "lr": 2e-05, "num_epochs": 3, "seed": 42, "train_batch_size": 16, "eval_batch_size": 32, "num_devices": 2, "training_device": "cuda", "metrics": [{"accuracy": 0.7794117647058824, "f1": 0.8580441640378549}, {"accuracy": 0.8455882352941176, "f1": 0.8919382504288165}, {"accuracy": 0.8455882352941176, "f1": 0.8919382504288165}], "speeds": {"training": {"mean": 0.290543787850726, "times": [0.29158826946081123, 0.2901530928565436, 0.28989000123482306]}, "evaluation": {"mean": 0.009707081743563788, "times": [0.009811882231028553, 0.009679942461494088, 0.009629420538168723]}}}