{"dataset": "mrpc", "model": "bert-base-cased", "lr": 2e-05, "num_epochs": 3, "seed": 42, "train_batch_size": 16, "eval_batch_size": 32, "num_devices": 2, "training_device": "cuda", "metrics": [{"accuracy": 0.7794117647058824, "f1": 0.8580441640378549}, {"accuracy": 0.8455882352941176, "f1": 0.8919382504288165}, {"accuracy": 0.8455882352941176, "f1": 0.8919382504288165}], "speeds": {"training": {"mean": 0.29058750948547973, "times": [0.2915305183869113, 0.2901853959869898, 0.29004661408253807]}, "evaluation": {"mean": 0.010276493384690883, "times": [0.010007868307953825, 0.010702249307471972, 0.010119362538646853]}}}