{"dataset": "mrpc", "model": "bert-base-cased", "lr": 2e-05, "num_epochs": 3, "seed": 42, "train_batch_size": 16, "eval_batch_size": 32, "num_devices": 2, "training_device": "cuda", "metrics": [{"accuracy": 0.7794117647058824, "f1": 0.8580441640378549}, {"accuracy": 0.8455882352941176, "f1": 0.8919382504288165}, {"accuracy": 0.8455882352941176, "f1": 0.8919382504288165}], "speeds": {"training": {"mean": 0.2908585714956459, "times": [0.2932163634826239, 0.2897599727826673, 0.2895993782216465]}, "evaluation": {"mean": 0.010371779205179803, "times": [0.01011000369222669, 0.010435855769313863, 0.010569478153998856]}}}