{
    "dataset": "mrpc",
    "model": "bert-base-cased",
    "lr": 2e-05,
    "num_epochs": 3,
    "seed": 42,
    "train_batch_size": 8,
    "eval_batch_size": 32,
    "num_devices": 8,
    "training_device": "tpu",
    "metrics": [
        {
            "accuracy": 0.7230392156862745,
            "f1": 0.8248062015503876
        },
        {
            "accuracy": 0.7843137254901961,
            "f1": 0.8557377049180328
        },
        {
            "accuracy": 0.8112745098039216,
            "f1": 0.8627450980392156
        }
    ],
    "speeds": {
        "total": 364.8056203169999,
        "training": {
            "mean": 0.4806847879712348,
            "times": [
                0.4754977175689419,
                0.4851497170689699,
                0.4814069292757926
            ]
        },
        "evaluation": {
            "mean": 0.0890723171666347,
            "times": [
                0.12667455200016775,
                0.05025297549991592,
                0.09028942399982043
            ]
        }
    }
}