{
    "dataset": "mrpc",
    "model": "bert-base-cased",
    "lr": 2e-05,
    "num_epochs": 3,
    "seed": 242,
    "train_batch_size": 8,
    "eval_batch_size": 32,
    "num_devices": 8,
    "training_device": "tpu",
    "metrics": [
        {
            "accuracy": 0.7156862745098039,
            "f1": 0.8204334365325078
        },
        {
            "accuracy": 0.7720588235294118,
            "f1": 0.8535433070866142
        },
        {
            "accuracy": 0.8112745098039216,
            "f1": 0.8697123519458544
        }
    ],
    "speeds": {
        "total": 140.66298467700017,
        "training": {
            "mean": 0.47783512503454023,
            "times": [
                0.4674165650518136,
                0.47910801386210705,
                0.4869807961897001
            ]
        },
        "evaluation": {
            "mean": 0.08778333316665037,
            "times": [
                0.1241200390004451,
                0.0722614699998303,
                0.06696849049967568
            ]
        }
    }
}