{
    "dataset": "mrpc",
    "model": "bert-base-cased",
    "lr": 2e-05,
    "num_epochs": 3,
    "seed": 142,
    "train_batch_size": 8,
    "eval_batch_size": 32,
    "num_devices": 8,
    "training_device": "tpu",
    "metrics": [
        {
            "accuracy": 0.6887254901960784,
            "f1": 0.8145985401459854
        },
        {
            "accuracy": 0.7573529411764706,
            "f1": 0.8352745424292847
        },
        {
            "accuracy": 0.7769607843137255,
            "f1": 0.8525121555915721
        }
    ],
    "speeds": {
        "total": 142.41036344499935,
        "training": {
            "mean": 0.47773439322992123,
            "times": [
                0.46655446467245604,
                0.4848193822414377,
                0.48182933277586987
            ]
        },
        "evaluation": {
            "mean": 0.07401174416675833,
            "times": [
                0.10218269950019021,
                0.07339000699994358,
                0.046462526000141224
            ]
        }
    }
}